gdp,access_electricity,renew,happiness,unem,crime_rate,ineq,gov
1.0,0.45514652015465773,-0.022575640623835828,0.7245513926361195,-0.2410699280015477,-0.5161572234229769,-0.5537007463186286,0.6594336504968796
0.45514652015465773,1.0,-0.27468434300994493,0.5921766900079143,-0.02243420222760402,-0.3775659628080378,-0.6949436361332763,0.3894688184861056
-0.022575640623835828,-0.27468434300994493,1.0,0.08594427091197038,-0.011714309965167733,0.14260221483643537,0.2579164697042563,0.13345652080149367
0.7245513926361195,0.5921766900079143,0.08594427091197038,1.0,-0.3436737643753784,-0.39351526612489024,-0.5540623700167727,0.6892475000016519
-0.2410699280015477,-0.02243420222760402,-0.011714309965167733,-0.3436737643753784,1.0,0.2158848390405499,0.27344296965282744,-0.16617546669297298
-0.5161572234229769,-0.3775659628080378,0.14260221483643537,-0.39351526612489024,0.2158848390405499,1.0,0.5807781481720504,-0.3493299560638242
-0.5537007463186286,-0.6949436361332763,0.2579164697042563,-0.5540623700167727,0.27344296965282744,0.5807781481720504,1.0,-0.3384219281264346
0.6594336504968796,0.3894688184861056,0.13345652080149367,0.6892475000016519,-0.16617546669297298,-0.3493299560638242,-0.3384219281264346,1.0
